{"cameraMode":{"drawMode":0,"name":"Shaded","section":"Shading Mode"},"sceneLighting":true,"audioPlay":false,"sceneViewState":{"showFog":true,"showMaterialUpdate":false,"showSkybox":true,"showFlares":true,"showImageEffects":true,"showParticleSystems":true},"in2DMode":false,"pivot":{"x":0.0,"y":3.3566436767578127,"z":0.12945744395256043},"rotation":{"x":-0.017977073788642885,"y":-0.970435619354248,"z":0.22824494540691377,"w":-0.07643500715494156},"size":4.548673629760742,"orthographic":true}